{{$dataLength := .DataLength}}
{{$fieldLength := .FieldLength}}
{
    "page": "{{.PageData.CurrPageNo}}",
    "total": "{{.PageData.TotalPage}}",
    "records": "{{.PageData.TotalNum}}",
    "rows": [
        {{ range $modelIndex,$model:= .PageData.Datas}}
        {
            "id": "{{$model.Id}}",
            "cell": [
                {{range $propIndex,$prop := $model.Props}}
                {{$propValue := getPropValue $model $prop.Name}}
                "{{dealJsonString $propValue}}",
                {{end}}
                "操作列"
            ]
        }{{if compareInt $modelIndex $dataLength "lt"}},{{end}}
        {{end}}
    ]
}